INSERT INTO DISCIPLINA (TITULO, AREA) VALUES ('Português', 'Letras');
INSERT INTO DISCIPLINA (TITULO, AREA) VALUES ('Espanhol', 'Letras');
INSERT INTO DISCIPLINA (TITULO, AREA) VALUES ('Matemática', 'Ciências');
INSERT INTO DISCIPLINA (TITULO, AREA) VALUES ('História', 'Letras');
INSERT INTO DISCIPLINA (TITULO, AREA) VALUES ('Geografia', 'Letras');
INSERT INTO DISCIPLINA (TITULO, AREA) VALUES ('Química', 'Ciências');
INSERT INTO DISCIPLINA (TITULO, AREA) VALUES ('Física', 'Ciências');
INSERT INTO DISCIPLINA (TITULO, AREA) VALUES ('Biologia', 'Saúde');
INSERT INTO DISCIPLINA (TITULO, AREA) VALUES ('Computação', 'Tecnologia');


INSERT INTO ALUNO (MATRICULA, NOME, IDADE, GENERO, NIF, ESCOLARIDADE) VALUES ('00000001','Sofia Marques Silva',15,'F','257837241','9º Ano');
INSERT INTO ALUNO (MATRICULA, NOME, IDADE, GENERO, NIF, ESCOLARIDADE) VALUES ('00000002','Joel Sousa',17,'M','257837242','11º Ano');
INSERT INTO ALUNO (MATRICULA, NOME, IDADE, GENERO, NIF, ESCOLARIDADE) VALUES ('00000003','João Machado',14,'M','257837243','8º Ano');
INSERT INTO ALUNO (MATRICULA, NOME, IDADE, GENERO, NIF, ESCOLARIDADE) VALUES ('00000004','José Francisco Aguiar',18,'M','257837244','12º Ano');
INSERT INTO ALUNO (MATRICULA, NOME, IDADE, GENERO, NIF, ESCOLARIDADE) VALUES ('00000005','Marta Barbosa',13,'F','257837245','7º Ano');

INSERT INTO PROFESSOR (NIF, NOME, IDADE, GENERO, TEMPO_ENSINO, SALARIO, DISCIPLINA_ID) VALUES ('130140561', 'Mário Sergio Silva', 38,'M', 15, 1850.50, 1);
INSERT INTO PROFESSOR (NIF, NOME, IDADE, GENERO, TEMPO_ENSINO, SALARIO, DISCIPLINA_ID) VALUES ('130140562', 'Ricardo Canto', 27, 'M', 5, 2250.38, 2);
INSERT INTO PROFESSOR (NIF, NOME, IDADE, GENERO, TEMPO_ENSINO, SALARIO, DISCIPLINA_ID) VALUES ('130140563', 'Nuno Silva', 40, 'M', 12, 1800, 3);
INSERT INTO PROFESSOR (NIF, NOME, IDADE, GENERO, TEMPO_ENSINO, SALARIO, DISCIPLINA_ID) VALUES ('130140564', 'Jorge Duarte', 62, 'M', 38, 1562, 4);

INSERT INTO AULA (DATA_AULA , DURACAO, VALOR, PROFESSOR_NIF, ALUNO_MATRICULA) VALUES ('2015-02-01', 60, 40.0,'130140561', '00000001');
INSERT INTO AULA (DATA_AULA , DURACAO, VALOR, PROFESSOR_NIF, ALUNO_MATRICULA) VALUES ('2015-03-01', 90, 55.0,'130140562', '00000001');
INSERT INTO AULA (DATA_AULA , DURACAO, VALOR, PROFESSOR_NIF, ALUNO_MATRICULA) VALUES ('2015-03-12', 30, 38.0,'130140561', '00000004');
INSERT INTO AULA (DATA_AULA , DURACAO, VALOR, PROFESSOR_NIF, ALUNO_MATRICULA) VALUES ('2015-02-01', 120, 70.0,'130140564', '00000002');
INSERT INTO AULA (DATA_AULA , DURACAO, VALOR, PROFESSOR_NIF, ALUNO_MATRICULA) VALUES ('2015-03-25', 60, 40.0,'130140563', '00000005');

INSERT INTO USER (USERNAME, PASSWORD) VALUES ('jvilasbo', 'qwerty');
INSERT INTO USER (USERNAME, PASSWORD) VALUES ('admin', '1234');
INSERT INTO USER (USERNAME, PASSWORD) VALUES ('user1', '9876');
INSERT INTO USER (USERNAME, PASSWORD) VALUES ('user2', '4567');
